id,title,artist,preview_url
41d7uC7xV3u82wMN0TOoGy,クリスマスキャロルの頃には,Junichi Inagaki,
3scsNNPpuAkLf0ok0opmnx,"Oh What a Merry Christmas Day (From ""Mickey's Christmas Carol"")",Cover Kid,
1sQAwJy6D5OC10JrS94dVA,Winter Wonderland,Nursery Rhymes ABC,
2raX9LfiJMCkX3Hws8i5Al,Jingle Bells,Nursery Rhymes ABC,
6vN1UGhQL03Ev9q5kUwOOG,Deck the Halls,Nursery Rhymes ABC,
5aZhp4FuKlrLz7gfJlBtcR,A GHETTO CHRISTMAS CAROL,XXXTENTACION,
6q9YQs7GoOYp7rTClGSdAh,Silent Night,Nursery Rhymes ABC,
33gQ4VNpFjMq0Qit7EBrQD,Here Comes Santa Claus,Nursery Rhymes ABC,
1QKDXegQxJBzSs8ZBNtGbT,A GHETTO CHRISTMAS CAROL,XXXTENTACION,
0YgvnGASHc1uA0nPbeVo2E,Wonderful Christmas Time,Christmas Carol,
6a5smvav9tbclGfM3yby8X,We Three Kings,The Oxford Trinity Choir,
54s2SHopQwMZerlGgWUSe4,Hark! The Herald Angels Sing,Nursery Rhymes ABC,
5CxNwFYoo2ikWrSt3qRxu3,A Christmas Carol,Dani Catalá,
36stRGZoRvTjtCvRJCMk37,The Christmas Song,Christmas Carol,
0o9K5o28W7MKRw4We4p97z,O Little Town of Bethlehem,Nursery Rhymes ABC,
6qZRVC5tJ1uGzjtFSEZIbW,Rudolph the Red-Nosed Reindeer,Nursery Rhymes ABC,
5aT06JcHh9sn8V71wev785,The First Noel,Nursery Rhymes ABC,
5Sok1tb0L3Ia0SO0OtXypE,Jingle Bells,Pinkfong,
5vYa3MY31UlRkmJ9KZZlqx,Carol Of The Bells,Searchlight Ensemble,
3MLNyYxKQI0UgL8r4SlghT,クリスマスキャロルの頃には,Junichi Inagaki,
4VApIO6azKSaG3xykxiDtk,Away in a Manger,Nursery Rhymes ABC,
0c5zrwdxKJhHcHN694iBjj,O Christmas Tree,Piano Peace,
2PtySp7iPTtYLY9hCjUgAf,Jolly Old Saint Nicholas,Christmas Carol,
7Bl9TARGQiZ6lIdfLyEsF0,"Silent Night, Holy Night",The Oxford Trinity Choir,
75vSIO1nZtPcroF9H7lbp2,Carol of the Bells,George Winston,
1X236v3pynMNMy9xgJKuFY,We Wish You a Merry Christmas,Nursery Rhymes ABC,
1XwYcsWCKFocYLi7n5VJYd,"Canticum in nativitatem Domini, 'Frigidae noctis umbra': Marche",Marc-Antoine Charpentier,
7r6am67jCRvroqkkE2TS8y,Carol of the Bells / God Rest Ye Merry Gentlemen,Mykola Dmytrovych Leontovych,
60d9Qax8DC0hLWGS7rFVlj,クリスマスキャロルの頃には,Junichi Inagaki,
2rNrCYfEXjOUP3YAlV4e5X,Good King Wenceslas,Christmas Carol,
5vPr31LsKSbIQKN9JOghey,New Christmas Carol/The Zeak Waltz,MUJI BGM,
6evKNTyZvgiQfs5D6a8oiU,Let It Snow! Let It Snow! Let It Snow!,Nursery Rhymes ABC,
03X4x6HXldgP1K8E3IDIUM,We Three Kings,Cedarmont Kids,
1i7Lb5Abidi4Iw280kOajB,Carol of the Bells,The City of Prague Philharmonic Orchestra,
6MlSKR67AsqZNFmBgUzWDc,Merry Christmas Holiday Carol,Season Jingles,
3SkI1ONLHwqVIjBWA5tTse,The Twelve Days of Christmas,Nursery Rhymes ABC,
4RITh6dlipu8Bey2iZVRSZ,Christmas Is Christmas - All Over the World,Christmas Carol,
0aRACZplQM2FaeRrKRQbLf,Carol Of The Bells,David Foster,
5GH559ozXDLx5OJIiEPxHF,Christmas Carolers,Kyle Patrick Naval,
3mH50NU0ltNxH6aXqvHMIE,Carol of the Bells,Claus Egan,
77pYC4WspaVIH1DOl052iJ,Joy To The World,Cedarmont Kids,
1JkD85e8leiLWPwW4b0qWa,Carol of the Bells,The Disney Holiday Chorus,
7FypwQ9sl63JWoA6xvg2rP,Little Drummer Boy,Sarah Moore,
4e2pkdUQ7FB3ksYbN1UWj3,Carol of the Bells,Kaptain,
25AtvmC59O7YhigsrxOme6,Carol of the Bells,Cathedral Choir,
1juGwiB0JwvzKFqoHGnBXV,Snowman,Shin Giwon Piano,
7wZt3j1YZlMx5GwqEjFaBY,Little Donkey,Nursery Rhymes ABC,
0OCEDNfUg0yPdztKF1lN8Z,Joy To The World,Christmas Carol,
74Jd7cm0vKkV4v3dk52wSc,Carol of the Bells,Nursery Rhymes ABC,
2WhQyxJtck5LJ3PZXQJ2qV,Carol of the Bells (arr. P.J. Wilhousky),Mykola Dmytrovych Leontovych,
